"Timestamp","TZ","M01 (lux)","M02 (lux)","Voltage_1 (mV)","Voltage_2 (mV)","Voltage_3 (mV)","Voltage_ 4 (mV)","Voltage_ 5 (mV)","Voltage_ 6 (mV)","Voltage_ 7 (mV)","Voltage_ 8 (mV)","Voltage_ 9 (mV)","Voltage_ 10 (mV)","Voltage_ 11 (mV)","Voltage_ 12 (mV)","Occ 1","Occ 2","Occ 3","Occ 4","Occ 5","Occ 6"
2018/05/30 15:25:04.000,n,-0.5,0,160.94142,10.585306,66.316316,22.021844,400.82868,19.112486,193.33256,10.392088,14.85636,30.926052,230.29378,45.626064,0,0,0,0,0,0
2018/05/30 15:25:05.000,n,-0.5,0,162.67504,10.20424,66.1231,21.248966,400.44228,18.73142,192.74752,10.585306,14.85636,30.926052,231.45308,46.205716,0,0,0,0,0,0
2018/05/30 15:25:06.000,n,-0.5,0,161.90754,10.585306,66.895964,21.630038,401.20976,19.305702,192.94612,10.392088,14.66851,31.113904,232.80022,46.398928,0,0,0,0,0,0
2018/05/30 15:25:07.000,n,-0.5,0,162.10076,10.392088,66.708116,21.248966,401.20976,18.73142,193.13934,10.20424,14.85636,31.307124,233.95414,46.592148,0,0,0,0,0,0
2018/05/30 15:25:08.000,n,-0.5,0,162.2886,10.20424,67.08918,21.055746,402.17584,18.73142,193.33256,10.392088,14.85636,30.926052,234.92024,46.983948,0,0,0,0,0,0
2018/05/30 15:25:09.000,n,-0.5,0,162.86826,10.20424,67.08918,21.436818,402.56224,19.697502,193.52042,10.585306,15.049576,31.500344,236.0688,46.983948,0,0,0,0,0,0
2018/05/30 15:25:10.005,n,-0.5,0,163.44792,10.585306,67.2824,21.828624,403.13652,19.112486,193.90686,10.783888,15.242792,31.69893,237.60916,47.756812,0,0,0,0,0,0
2018/05/30 15:25:11.000,n,-0.5,0,164.21542,10.20424,67.2824,21.630038,403.13652,18.73142,193.90686,10.977104,15.242792,31.69893,238.18882,47.558228,0,0,0,0,0,0
2018/05/30 15:25:12.192,n,-0.5,0,163.83436,10.585306,67.2824,21.828624,403.3244,19.112486,193.90686,11.358172,15.634592,31.69893,238.96168,47.365012,0,0,0,0,0,0
2018/05/30 15:25:13.004,n,-0.5,0,163.83436,10.20424,67.08918,21.436818,403.13652,18.73142,194.28792,10.783888,15.049576,31.892148,238.76846,47.950028,0,0,0,0,0,0
2018/05/30 15:25:14.005,n,-0.5,0,163.83436,10.585306,67.2824,21.630038,403.13652,18.924636,194.28792,10.783888,15.242792,31.69893,238.96168,47.756812,0,0,0,0,0,0
2018/05/30 15:25:15.000,n,-0.5,0,164.0222,10.783888,67.862048,22.021844,403.90404,19.504286,194.67974,10.977104,15.822442,31.892148,239.9224,48.13788,0,0,0,0,0,0
2018/05/30 15:25:16.004,n,-0.5,0,164.0222,10.783888,68.055264,21.630038,403.71084,19.504286,194.28792,11.358172,15.441376,31.892148,240.11024,48.331092,0,0,0,0,0,0
2018/05/30 15:25:17.000,n,-0.5,0,164.0222,10.783888,67.862048,22.021844,403.5176,19.504286,194.67974,10.783888,15.634592,32.27322,239.9224,48.13788,0,0,0,0,0,0
2018/05/30 15:25:18.000,n,-0.5,0,164.41402,11.170322,68.055264,22.794724,403.90404,19.305702,194.28792,11.358172,15.822442,32.080002,240.49668,48.13788,0,0,0,0,0,0
2018/05/30 15:25:19.004,n,-0.5,0,164.41402,11.170322,67.6742,22.215064,403.90404,19.504286,194.67974,11.170322,15.441376,31.69893,239.1549,47.756812,0,0,0,0,0,0
2018/05/30 15:25:20.000,n,-0.5,0,163.83436,10.585306,67.2824,21.436818,403.5176,19.112486,194.48652,10.977104,15.242792,32.080002,237.80238,47.558228,0,0,0,0,0,0
2018/05/30 15:25:21.000,n,-0.5,0,162.86826,10.392088,67.08918,21.436818,402.17584,19.305702,193.33256,10.392088,15.049576,31.892148,234.92024,46.983948,0,0,0,0,0,0
2018/05/30 15:25:22.002,n,-0.5,0,162.10076,10.783888,67.08918,21.630038,402.36904,18.924636,193.13934,10.20424,14.66851,30.727464,232.22058,46.398928,0,0,0,0,0,0
2018/05/30 15:25:23.000,n,-0.5,0,160.94142,10.392088,66.5149,21.436818,400.24904,19.112486,192.74752,10.585306,14.66851,30.534244,227.59948,45.239632,0,0,0,0,0,0
2018/05/30 15:25:24.049,n,-0.5,0,160.16856,10.585306,65.929884,21.436818,399.47616,18.924636,192.17324,10.011024,14.66851,30.534244,225.87128,45.432848,0,0,0,0,0,0
2018/05/30 15:25:25.002,n,-0.5,0,158.6228,9.81244,65.350236,21.248966,398.3276,18.33962,191.20714,9.426006,14.083494,29.761366,223.17698,44.466768,0,0,0,0,0,0
2018/05/30 15:25:26.000,n,-0.5,0,158.24172,9.426006,65.350236,21.055746,397.7426,18.532836,191.20714,9.619224,14.083494,29.959954,221.63662,43.881752,0,0,0,0,0,0
2018/05/30 15:25:27.000,n,-0.5,0,158.6228,9.81244,65.15702,21.248966,397.94116,18.532836,191.20714,9.81244,14.083494,29.959954,221.05158,44.466768,0,0,0,0,0,0
2018/05/30 15:25:28.001,n,-0.5,0,158.04852,9.81244,64.963808,21.055746,397.7426,18.532836,191.59896,9.81244,13.890278,29.761366,221.05158,43.881752,0,0,0,0,0,0
2018/05/30 15:25:29.000,n,-0.5,0,158.24172,9.426006,64.963808,20.857158,397.54936,18.33962,191.40574,10.011024,13.691694,29.761366,221.05158,44.074968,0,0,0,0,0,0
2018/05/30 15:25:30.000,n,-0.5,0,158.24172,9.81244,65.15702,21.436818,397.7426,18.532836,191.40574,9.426006,13.890278,29.959954,221.25018,44.273552,0,0,0,0,0,0
2018/05/30 15:25:31.000,n,-0.5,0,158.81602,10.20424,65.350236,21.436818,397.7426,18.73142,191.59896,10.20424,14.083494,30.147806,221.63662,43.881752,0,0,0,0,0,0
2018/05/30 15:25:32.005,n,-0.5,0,158.24172,9.426006,65.15702,21.248966,398.1344,18.924636,190.8207,9.619224,13.691694,29.959954,221.44338,43.881752,0,0,0,0,0,0
2018/05/30 15:25:33.000,n,-0.5,0,158.81602,10.011024,65.350236,21.248966,398.1344,18.924636,191.20714,10.011024,14.083494,29.374928,221.63662,44.273552,0,0,0,0,0,0
2018/05/30 15:25:34.000,n,-0.5,0,159.00924,9.619224,65.15702,21.248966,397.94116,19.112486,191.40574,10.011024,13.890278,29.959954,222.2109,44.466768,0,0,0,0,0,0
2018/05/30 15:25:35.004,n,-0.5,0,159.20782,10.392088,65.350236,21.828624,398.70868,19.112486,191.7868,10.585306,14.85636,30.341024,223.17698,44.847832,0,0,0,0,0,0
2018/05/30 15:25:36.000,n,-0.5,0,158.81602,10.20424,65.742036,21.055746,398.3276,18.924636,191.59896,10.20424,14.276712,29.959954,222.78518,44.466768,0,0,0,0,0,0
2018/05/30 15:25:37.000,n,-0.5,0,158.81602,9.619224,65.15702,21.055746,398.3276,18.924636,191.59896,9.619224,14.083494,29.959954,222.78518,44.466768,0,0,0,0,0,0
2018/05/30 15:25:38.004,n,-0.5,0,159.20782,10.392088,65.54882,21.436818,398.3276,18.532836,191.7868,10.20424,14.083494,30.147806,223.75126,44.659984,0,0,0,0,0,0
2018/05/30 15:25:39.000,n,-0.5,0,159.00924,9.426006,65.350236,21.055746,398.3276,18.73142,191.40574,9.81244,14.276712,30.147806,223.94448,44.847832,0,0,0,0,0,0
2018/05/30 15:25:40.000,n,-0.5,0,159.40104,10.011024,65.54882,21.630038,399.28296,19.112486,191.98002,10.011024,13.890278,30.534244,224.71198,44.659984,0,0,0,0,0,0
2018/05/30 15:25:41.003,n,-0.5,0,159.5889,9.81244,65.350236,21.248966,399.28296,18.73142,192.17324,10.011024,14.469928,30.534244,224.89982,45.239632,0,0,0,0,0,0
2018/05/30 15:25:42.066,n,-0.5,0,159.7821,10.20424,65.742036,21.828624,399.47616,19.305702,192.36648,10.20424,14.66851,30.534244,225.48484,44.847832,0,0,0,0,0,0
2018/05/30 15:25:43.000,n,-0.5,0,159.40104,10.011024,65.54882,21.248966,399.28296,19.112486,192.17324,10.585306,14.276712,30.926052,224.71198,44.847832,0,0,0,0,0,0
2018/05/30 15:25:44.003,n,-0.5,0,159.20782,10.011024,65.54882,21.248966,398.51548,18.924636,191.98002,10.392088,14.083494,30.147806,223.94448,44.659984,0,0,0,0,0,0
2018/05/30 15:25:45.000,n,-0.5,0,158.81602,9.81244,65.742036,21.248966,398.51548,18.924636,191.7868,9.81244,14.276712,30.341024,223.17698,44.273552,0,0,0,0,0,0
2018/05/30 15:25:46.000,n,-0.5,0,159.00924,10.011024,65.350236,21.248966,398.3276,18.924636,191.40574,10.20424,14.083494,29.959954,222.78518,44.659984,0,0,0,0,0,0
2018/05/30 15:25:47.002,n,-0.5,0,159.00924,10.011024,65.15702,21.436818,398.3276,18.924636,191.20714,10.20424,14.276712,29.761366,222.59196,44.273552,0,0,0,0,0,0
2018/05/30 15:25:48.000,n,-0.5,0,158.6228,10.20424,65.350236,21.630038,398.1344,19.112486,191.59896,10.011024,14.083494,29.761366,221.63662,44.074968,0,0,0,0,0,0
2018/05/30 15:25:49.000,n,-0.5,0,158.04852,9.23279,64.963808,21.055746,397.7426,18.146404,191.40574,9.426006,13.691694,29.761366,221.63662,44.074968,0,0,0,0,0,0
2018/05/30 15:25:50.001,n,-0.5,0,158.24172,9.81244,64.775956,21.055746,397.7426,18.73142,191.20714,9.81244,13.890278,30.147806,221.44338,44.273552,0,0,0,0,0,0
2018/05/30 15:25:51.000,n,-0.5,0,158.81602,9.81244,64.963808,21.248966,397.94116,18.33962,191.40574,10.011024,13.691694,29.761366,221.63662,43.881752,0,0,0,0,0,0
2018/05/30 15:25:52.000,n,-0.5,0,158.24172,9.619224,64.963808,20.857158,397.7426,18.532836,191.01394,9.619224,13.498478,29.568146,222.01766,44.466768,0,0,0,0,0,0
2018/05/30 15:25:53.001,n,-0.5,0,158.6228,9.81244,65.15702,21.436818,398.1344,18.532836,191.20714,9.81244,13.890278,29.959954,222.01766,44.273552,0,0,0,0,0,0
2018/05/30 15:25:54.006,n,-0.5,0,158.24172,9.23279,64.775956,20.663938,397.54936,18.73142,191.01394,9.619224,13.498478,29.761366,221.82446,44.273552,0,0,0,0,0,0
2018/05/30 15:25:55.000,n,-0.5,0,158.6228,9.81244,64.963808,21.055746,398.3276,18.33962,191.40574,9.81244,13.691694,29.761366,222.01766,44.074968,0,0,0,0,0,0
2018/05/30 15:25:56.190,n,-0.5,0,158.81602,9.81244,64.963808,21.248966,398.1344,18.532836,191.40574,9.81244,14.083494,29.959954,222.40412,44.273552,0,0,0,0,0,0
2018/05/30 15:25:57.006,n,-0.5,0,158.6228,10.011024,65.15702,21.248966,398.3276,18.73142,191.59896,9.81244,14.276712,29.959954,222.2109,44.466768,0,0,0,0,0,0
2018/05/30 15:25:58.000,n,-0.5,0,158.43494,9.619224,65.15702,20.857158,397.36152,18.33962,191.20714,9.426006,13.890278,29.761366,221.25018,44.074968,0,0,0,0,0,0
2018/05/30 15:25:59.000,n,-0.5,0,159.00924,9.81244,65.350236,21.436818,397.94116,18.33962,191.40574,10.20424,13.498478,29.761366,221.63662,44.273552,0,0,0,0,0,0
2018/05/30 15:26:00.006,n,-0.5,0,158.81602,10.011024,65.350236,21.630038,397.94116,18.924636,191.59896,10.011024,13.890278,29.761366,221.63662,44.466768,0,0,0,0,0,0
2018/05/30 15:26:01.000,n,-0.5,0,158.81602,9.619224,65.15702,21.248966,397.7426,18.73142,191.20714,10.011024,14.276712,29.959954,221.44338,44.074968,0,0,0,0,0,0
2018/05/30 15:26:02.000,n,-0.5,0,158.24172,9.619224,64.775956,21.055746,397.7426,18.532836,191.20714,9.81244,13.890278,29.761366,221.05158,43.881752,0,0,0,0,0,0
2018/05/30 15:26:03.169,n,-0.5,0,158.24172,9.81244,64.775956,21.248966,397.54936,18.924636,191.40574,9.619224,13.890278,29.761366,220.67054,43.881752,0,0,0,0,0,0
2018/05/30 15:26:04.000,n,-0.5,0,158.6228,10.011024,65.350236,21.630038,398.1344,18.73142,191.40574,10.20424,13.691694,29.568146,221.25018,44.074968,0,0,0,0,0,0
2018/05/30 15:26:05.000,n,-0.5,0,158.04852,9.23279,64.58274,20.857158,397.16832,18.532836,191.01394,9.426006,13.498478,29.568146,220.2841,43.500688,0,0,0,0,0,0
2018/05/30 15:26:06.004,n,-0.5,0,158.24172,9.81244,65.15702,21.248966,397.94116,18.924636,191.40574,10.011024,14.083494,29.959954,221.05158,43.881752,0,0,0,0,0,0
2018/05/30 15:26:07.000,n,-0.5,0,158.24172,10.20424,64.963808,21.248966,397.7426,18.33962,191.20714,9.81244,13.890278,29.568146,221.05158,44.074968,0,0,0,0,0,0
2018/05/30 15:26:08.000,n,-0.5,0,158.81602,9.426006,64.775956,21.055746,397.36152,18.146404,190.8207,9.619224,13.691694,29.568146,220.85838,44.273552,0,0,0,0,0,0
2018/05/30 15:26:09.003,n,-0.5,0,158.04852,9.23279,64.58274,20.857158,397.54936,18.146404,191.01394,9.619224,13.498478,29.568146,220.47732,43.881752,0,0,0,0,0,0
2018/05/30 15:26:10.000,n,-0.5,0,158.43494,9.81244,64.963808,21.248966,397.7426,18.532836,191.40574,9.619224,14.083494,29.761366,221.05158,44.273552,0,0,0,0,0,0
2018/05/30 15:26:11.138,n,-0.5,0,158.6228,10.20424,65.15702,22.021844,397.54936,18.924636,191.59896,10.20424,14.469928,29.959954,221.05158,44.074968,0,0,0,0,0,0
2018/05/30 15:26:12.003,n,-0.5,0,158.81602,10.585306,65.54882,21.436818,398.1344,18.924636,191.20714,10.20424,14.276712,29.959954,221.05158,44.074968,0,0,0,0,0,0
2018/05/30 15:26:13.000,n,-0.5,0,158.6228,10.20424,65.350236,21.436818,398.1344,18.924636,191.59896,10.011024,14.083494,29.761366,221.05158,44.074968,0,0,0,0,0,0
2018/05/30 15:26:14.000,n,-0.5,0,158.43494,10.20424,65.54882,21.828624,397.94116,18.924636,191.98002,10.011024,14.276712,29.959954,220.85838,44.273552,0,0,0,0,0,0
2018/05/30 15:26:15.002,n,-0.5,0,158.24172,9.619224,64.963808,21.055746,397.36152,18.33962,191.59896,9.81244,14.083494,30.147806,221.05158,44.273552,0,0,0,0,0,0
2018/05/30 15:26:16.007,n,-0.5,0,158.24172,9.619224,65.350236,21.055746,397.94116,18.532836,191.01394,10.011024,13.691694,29.959954,220.67054,43.881752,0,0,0,0,0,0
2018/05/30 15:26:17.000,n,-0.5,0,158.04852,9.426006,64.963808,20.663938,397.54936,18.73142,190.63286,9.619224,13.691694,29.761366,220.2841,43.881752,0,0,0,0,0,0
2018/05/30 15:26:18.001,n,-0.5,0,157.6567,9.426006,64.775956,20.663938,397.54936,18.33962,191.01394,9.81244,13.691694,29.568146,220.2841,43.881752,0,0,0,0,0,0
2018/05/30 15:26:19.007,n,-0.5,0,158.24172,9.81244,64.963808,21.630038,398.1344,18.73142,191.20714,9.81244,14.276712,29.959954,220.85838,44.074968,0,0,0,0,0,0
2018/05/30 15:26:20.000,n,-0.5,0,158.43494,10.011024,64.58274,20.857158,397.54936,18.532836,191.40574,9.619224,13.691694,29.761366,220.85838,43.881752,0,0,0,0,0,0
2018/05/30 15:26:21.001,n,-0.5,0,157.8553,9.619224,64.963808,21.055746,397.7426,18.532836,191.01394,9.619224,13.691694,29.761366,220.2841,44.074968,0,0,0,0,0,0
2018/05/30 15:26:22.006,n,-0.5,0,158.04852,9.81244,64.963808,21.436818,397.54936,18.73142,191.59896,10.20424,14.083494,29.761366,220.67054,43.6939,0,0,0,0,0,0
2018/05/30 15:26:23.000,n,-0.5,0,158.24172,9.619224,64.963808,21.248966,397.7426,18.73142,191.40574,9.81244,13.890278,29.761366,220.67054,43.881752,0,0,0,0,0,0
2018/05/30 15:26:24.001,n,-0.5,0,157.6567,9.23279,64.963808,20.857158,397.36152,18.33962,191.01394,9.619224,13.691694,29.959954,220.09088,43.881752,0,0,0,0,0,0
2018/05/30 15:26:25.007,n,-0.5,0,157.8553,9.426006,64.58274,21.055746,397.36152,18.73142,191.01394,9.426006,13.890278,29.374928,220.09088,43.881752,0,0,0,0,0,0
2018/05/30 15:26:26.000,n,-0.5,0,158.24172,9.619224,64.775956,21.055746,397.7426,18.73142,191.01394,9.81244,13.890278,30.147806,220.67054,43.881752,0,0,0,0,0,0
2018/05/30 15:26:27.000,n,-0.5,0,157.8553,9.426006,64.775956,20.857158,397.36152,18.532836,190.8207,9.619224,13.310628,29.181708,219.90304,43.6939,0,0,0,0,0,0
2018/05/30 15:26:28.005,n,-0.5,0,157.8553,9.619224,64.775956,20.857158,397.54936,18.532836,190.8207,9.426006,13.310628,29.568146,219.90304,43.6939,0,0,0,0,0,0
2018/05/30 15:26:29.000,n,-0.5,0,158.24172,10.011024,65.15702,21.248966,397.7426,18.532836,191.01394,9.619224,13.498478,29.761366,220.2841,43.881752,0,0,0,0,0,0
2018/05/30 15:26:30.000,n,-0.5,0,158.24172,9.81244,64.963808,21.248966,397.54936,18.532836,191.01394,9.81244,14.083494,29.568146,220.2841,43.6939,0,0,0,0,0,0
2018/05/30 15:26:31.004,n,-0.5,0,158.04852,9.81244,64.58274,21.436818,397.54936,18.924636,191.20714,9.619224,13.890278,29.959954,220.2841,43.6939,0,0,0,0,0,0
2018/05/30 15:26:32.000,n,-0.5,0,158.43494,9.81244,64.963808,21.248966,397.54936,18.73142,191.01394,9.81244,13.890278,29.761366,220.47732,43.3021,0,0,0,0,0,0
2018/05/30 15:26:33.000,n,-0.5,0,158.24172,10.011024,65.15702,21.436818,397.54936,18.924636,191.40574,10.392088,14.083494,29.959954,220.47732,43.881752,0,0,0,0,0,0
2018/05/30 15:26:34.004,n,-0.5,0,158.24172,10.011024,64.963808,21.630038,397.94116,18.73142,191.40574,10.20424,13.890278,29.959954,220.2841,44.074968,0,0,0,0,0,0
2018/05/30 15:26:35.000,n,-0.5,0,158.24172,10.20424,64.775956,21.436818,397.94116,18.532836,191.20714,9.81244,13.890278,29.568146,220.2841,43.881752,0,0,0,0,0,0
2018/05/30 15:26:36.000,n,-0.5,0,158.43494,10.20424,65.15702,21.248966,397.54936,18.924636,191.59896,10.011024,13.890278,29.568146,219.90304,43.881752,0,0,0,0,0,0
2018/05/30 15:26:37.149,n,-0.5,0,158.24172,10.392088,65.54882,21.436818,397.94116,19.112486,191.59896,10.011024,14.083494,30.341024,220.2841,44.273552,0,0,0,0,0,0
2018/05/30 15:26:38.218,n,-0.5,0,158.43494,10.392088,65.350236,21.630038,397.7426,18.924636,191.59896,10.20424,14.083494,29.959954,220.47732,44.074968,0,0,0,0,0,0
2018/05/30 15:26:39.000,n,-0.5,0,158.43494,10.20424,65.350236,21.630038,397.94116,18.924636,191.98002,10.20424,14.276712,29.761366,220.47732,43.6939,0,0,0,0,0,0
2018/05/30 15:26:40.002,n,-0.5,0,157.8553,9.23279,64.775956,20.663938,397.16832,18.532836,191.20714,9.619224,13.691694,29.568146,219.7098,43.500688,0,0,0,0,0,0
2018/05/30 15:26:41.007,n,-0.5,0,158.04852,9.619224,64.775956,21.055746,397.54936,18.33962,191.01394,9.81244,13.890278,29.959954,219.90304,44.074968,0,0,0,0,0,0
2018/05/30 15:26:42.000,n,-0.5,0,158.24172,9.81244,64.963808,21.055746,397.7426,18.532836,191.01394,9.81244,13.691694,29.959954,220.09088,43.881752,0,0,0,0,0,0
2018/05/30 15:26:43.002,n,-0.5,0,158.43494,9.81244,65.350236,21.248966,397.7426,19.112486,191.40574,10.011024,13.890278,29.568146,220.09088,44.273552,0,0,0,0,0,0
2018/05/30 15:26:44.153,n,-0.5,0,158.04852,9.81244,65.15702,21.055746,397.54936,18.532836,191.01394,10.011024,13.890278,29.959954,219.90304,43.6939,0,0,0,0,0,0
2018/05/30 15:26:45.000,n,-0.5,0,158.04852,9.81244,64.775956,21.248966,397.54936,18.532836,191.01394,10.20424,13.691694,29.761366,219.7098,43.881752,0,0,0,0,0,0
2018/05/30 15:26:46.001,n,-0.5,0,157.0824,9.23279,64.384156,20.663938,397.16832,18.146404,190.63286,9.619224,13.498478,29.959954,219.318,43.6939,0,0,0,0,0,0
2018/05/30 15:26:47.007,n,-0.5,0,157.8553,9.619224,64.775956,22.021844,397.7426,18.73142,191.20714,9.81244,13.691694,29.959954,219.7098,44.074968,0,0,0,0,0,0
2018/05/30 15:26:48.203,n,-0.5,0,158.43494,10.392088,65.350236,21.828624,398.1344,19.112486,191.20714,10.011024,13.890278,29.959954,220.09088,44.074968,0,0,0,0,0,0
2018/05/30 15:26:49.000,n,-0.5,0,158.04852,9.81244,65.15702,21.055746,397.36152,18.924636,191.98002,10.011024,14.276712,29.761366,219.90304,44.074968,0,0,0,0,0,0
2018/05/30 15:26:50.006,n,-0.5,0,158.04852,9.619224,64.775956,21.436818,397.16832,18.532836,191.20714,9.81244,13.890278,29.761366,219.90304,45.239632,0,0,0,0,0,0
2018/05/30 15:26:51.000,n,-0.5,0,158.24172,10.392088,65.15702,21.248966,397.36152,18.33962,191.01394,9.81244,13.498478,29.761366,219.90304,44.074968,0,0,0,0,0,0
2018/05/30 15:26:52.000,n,-0.5,0,158.24172,10.011024,65.742036,21.436818,397.7426,18.924636,191.40574,10.011024,14.083494,30.147806,220.09088,44.074968,0,0,0,0,0,0
2018/05/30 15:26:53.185,n,-0.5,0,158.81602,9.81244,64.963808,21.248966,397.36152,18.924636,191.20714,9.81244,13.691694,29.568146,219.5166,43.881752,0,0,0,0,0,0
2018/05/30 15:26:54.000,n,-0.5,0,157.6567,9.426006,64.58274,21.055746,396.97508,18.532836,190.8207,9.619224,13.691694,29.568146,219.5166,43.500688,0,0,0,0,0,0
2018/05/30 15:26:55.000,n,-0.5,0,157.6567,9.426006,64.963808,21.055746,397.16832,18.73142,191.20714,10.20424,13.890278,29.761366,219.90304,43.6939,0,0,0,0,0,0
2018/05/30 15:26:56.005,n,-0.5,0,158.24172,9.619224,65.15702,21.248966,397.54936,19.112486,191.20714,10.20424,14.083494,29.959954,219.90304,43.881752,0,0,0,0,0,0
2018/05/30 15:26:57.000,n,-0.5,0,158.43494,10.20424,65.350236,21.630038,397.36152,19.112486,191.20714,10.20424,13.691694,29.761366,219.7098,43.881752,0,0,0,0,0,0
2018/05/30 15:26:58.000,n,-0.5,0,158.43494,9.81244,65.15702,21.248966,397.54936,19.112486,191.40574,9.81244,13.890278,29.959954,220.2841,44.074968,0,0,0,0,0,0
2018/05/30 15:26:59.004,n,-0.5,0,158.24172,10.20424,65.350236,21.055746,397.54936,18.73142,191.40574,10.20424,13.691694,29.959954,219.90304,44.074968,0,0,0,0,0,0
2018/05/30 15:27:00.009,n,-0.5,0,157.8553,10.011024,64.775956,21.055746,397.94116,18.924636,191.20714,10.011024,14.083494,29.761366,219.7098,43.881752,0,0,0,0,0,0
2018/05/30 15:27:01.000,n,-0.5,0,157.46884,9.23279,64.963808,20.663938,397.36152,18.532836,191.01394,9.619224,14.083494,29.761366,219.5166,43.6939,0,0,0,0,0,0
2018/05/30 15:27:02.004,n,-0.5,0,157.6567,9.426006,64.19094,21.248966,396.97508,18.33962,190.43964,9.81244,13.310628,29.374928,219.5166,43.6939,0,0,0,0,0,0
2018/05/30 15:27:03.009,n,-0.5,0,157.6567,10.011024,65.15702,21.630038,397.16832,18.532836,190.8207,9.426006,14.083494,29.374928,219.7098,43.6939,0,0,0,0,0,0
2018/05/30 15:27:04.000,n,-0.5,0,157.8553,9.81244,64.963808,20.857158,397.16832,18.73142,191.20714,9.81244,13.890278,29.959954,219.90304,43.6939,0,0,0,0,0,0
2018/05/30 15:27:05.003,n,-0.5,0,157.6567,9.426006,64.963808,20.47072,396.97508,18.33962,190.63286,9.426006,13.890278,29.374928,219.5166,43.6939,0,0,0,0,0,0
2018/05/30 15:27:06.010,n,-0.5,0,157.6567,9.23279,64.775956,21.248966,397.36152,18.33962,190.8207,10.011024,13.691694,29.374928,219.1248,43.6939,0,0,0,0,0,0
2018/05/30 15:27:07.000,n,-0.5,0,157.8553,9.426006,64.58274,20.857158,397.16832,18.532836,191.01394,9.81244,13.890278,29.761366,219.5166,43.500688,0,0,0,0,0,0
2018/05/30 15:27:08.002,n,-0.5,0,158.04852,9.81244,64.963808,21.248966,397.36152,18.532836,191.01394,9.81244,13.890278,29.959954,219.318,43.6939,0,0,0,0,0,0
2018/05/30 15:27:09.011,n,-0.5,0,158.24172,10.011024,64.775956,21.436818,397.7426,18.73142,191.20714,10.011024,14.083494,29.568146,219.7098,44.074968,0,0,0,0,0,0
2018/05/30 15:27:10.000,n,-0.5,0,157.8553,9.619224,64.963808,21.436818,397.54936,18.532836,191.01394,9.81244,13.691694,29.761366,219.318,43.881752,0,0,0,0,0,0
2018/05/30 15:27:11.001,n,-0.5,0,157.6567,9.426006,64.58274,20.857158,397.36152,18.73142,191.01394,9.81244,13.890278,30.147806,219.318,43.6939,0,0,0,0,0,0
2018/05/30 15:27:12.007,n,-0.5,0,157.46884,9.619224,64.775956,21.248966,397.16832,18.33962,190.8207,9.426006,13.310628,29.181708,219.318,43.6939,0,0,0,0,0,0
2018/05/30 15:27:13.000,n,-0.5,0,157.8553,9.619224,64.58274,21.630038,397.36152,18.532836,191.01394,9.619224,13.691694,29.568146,219.7098,43.881752,0,0,0,0,0,0
2018/05/30 15:27:14.001,n,-0.5,0,157.8553,10.011024,65.15702,21.436818,397.36152,18.532836,191.40574,9.81244,13.691694,29.568146,219.7098,43.881752,0,0,0,0,0,0
2018/05/30 15:27:15.007,n,-0.5,0,157.27562,9.426006,64.963808,20.857158,397.16832,18.33962,190.8207,9.426006,13.691694,29.568146,219.1248,43.6939,0,0,0,0,0,0
2018/05/30 15:27:16.000,n,-0.5,0,157.6567,9.426006,64.775956,20.857158,397.54936,18.532836,190.43964,9.426006,13.890278,29.374928,218.93696,43.6939,0,0,0,0,0,0
2018/05/30 15:27:17.001,n,-0.5,0,157.6567,9.619224,64.963808,21.436818,397.36152,18.73142,191.20714,10.011024,13.691694,29.761366,219.7098,43.500688,0,0,0,0,0,0
2018/05/30 15:27:18.041,n,-0.5,0,158.24172,9.81244,64.775956,21.248966,397.54936,18.532836,190.8207,9.619224,13.691694,29.568146,219.318,43.500688,0,0,0,0,0,0
2018/05/30 15:27:19.000,n,-0.5,0,157.8553,9.81244,64.775956,21.055746,397.16832,18.532836,190.8207,10.011024,13.691694,29.761366,219.7098,43.881752,0,0,0,0,0,0
2018/05/30 15:27:20.000,n,-0.5,0,157.8553,10.20424,65.15702,21.055746,397.36152,18.73142,191.40574,10.20424,13.691694,29.761366,219.7098,43.881752,0,0,0,0,0,0
2018/05/30 15:27:21.006,n,-0.5,0,158.6228,10.392088,64.963808,21.436818,397.94116,18.924636,191.20714,10.20424,13.691694,29.959954,219.5166,43.881752,0,0,0,0,0,0
2018/05/30 15:27:22.143,n,-0.5,0,158.04852,9.81244,65.350236,21.436818,398.1344,18.924636,191.20714,10.011024,14.276712,29.959954,220.09088,44.273552,0,0,0,0,0,0
2018/05/30 15:27:23.000,n,-0.5,0,158.6228,10.585306,65.15702,21.436818,397.7426,18.924636,191.01394,10.20424,13.890278,29.761366,219.90304,43.881752,0,0,0,0,0,0
2018/05/30 15:27:24.004,n,-0.5,0,157.6567,9.81244,64.775956,20.857158,397.16832,18.532836,190.8207,10.011024,13.498478,29.761366,218.93696,44.074968,0,0,0,0,0,0
2018/05/30 15:27:25.009,n,-0.5,0,158.43494,10.20424,65.350236,21.436818,397.94116,18.73142,191.20714,10.011024,13.890278,29.959954,219.90304,43.881752,0,0,0,0,0,0
2018/05/30 15:27:26.000,n,-0.5,0,158.04852,10.20424,65.15702,21.248966,397.36152,18.73142,191.20714,10.20424,14.083494,29.761366,219.1248,43.6939,0,0,0,0,0,0
2018/05/30 15:27:27.003,n,-0.5,0,157.27562,9.426006,64.58274,20.857158,397.16832,18.532836,190.63286,9.81244,13.310628,29.181708,219.1248,43.881752,0,0,0,0,0,0
2018/05/30 15:27:28.009,n,-0.5,0,157.46884,9.426006,64.963808,20.857158,397.36152,18.924636,190.8207,9.81244,13.890278,29.959954,218.93696,43.6939,0,0,0,0,0,0
2018/05/30 15:27:29.000,n,-0.5,0,158.24172,9.81244,64.963808,21.828624,397.7426,18.73142,191.20714,10.011024,14.083494,29.181708,219.1248,43.6939,0,0,0,0,0,0
2018/05/30 15:27:30.003,n,-0.5,0,158.43494,10.20424,65.350236,22.021844,397.7426,20.470368,191.40574,10.20424,14.276712,29.568146,219.7098,44.074968,0,0,0,0,0,0
2018/05/30 15:27:31.192,n,-0.5,0,157.8553,10.011024,64.963808,21.248966,397.54936,19.305702,191.01394,10.011024,13.890278,29.959954,219.318,43.500688,0,0,0,0,0,0
2018/05/30 15:27:32.000,n,-0.5,0,157.8553,9.426006,64.58274,21.055746,397.16832,18.73142,190.63286,10.011024,13.691694,29.959954,219.5166,43.881752,0,0,0,0,0,0
2018/05/30 15:27:33.002,n,-0.5,0,158.04852,10.011024,65.15702,21.248966,397.54936,18.33962,191.01394,11.170322,13.691694,29.568146,219.5166,44.074968,0,0,0,0,0,0
2018/05/30 15:27:34.007,n,-0.5,0,157.8553,10.20424,64.963808,21.436818,397.54936,18.532836,191.20714,10.20424,13.691694,29.959954,219.7098,44.074968,0,0,0,0,0,0
2018/05/30 15:27:35.000,n,-0.5,0,158.24172,10.392088,65.54882,21.828624,397.54936,18.924636,191.40574,10.20424,13.691694,29.761366,219.7098,43.881752,0,0,0,0,0,0
2018/05/30 15:27:36.001,n,-0.5,0,158.04852,10.011024,65.15702,21.248966,397.54936,18.73142,191.40574,10.392088,15.049576,30.147806,219.7098,44.074968,0,0,0,0,0,0
2018/05/30 15:27:37.007,n,-0.5,0,158.43494,10.20424,64.963808,21.828624,397.54936,18.73142,191.01394,10.20424,13.890278,29.959954,219.5166,44.074968,0,0,0,0,0,0
2018/05/30 15:27:38.000,n,-0.5,0,157.6567,9.81244,65.15702,20.857158,397.7426,18.924636,190.8207,10.011024,13.691694,29.959954,219.1248,43.881752,0,0,0,0,0,0
2018/05/30 15:27:39.024,n,-0.5,0,158.6228,10.20424,65.350236,21.630038,397.7426,18.924636,191.40574,10.20424,14.276712,29.959954,219.7098,44.074968,0,0,0,0,0,0
2018/05/30 15:27:40.006,n,-0.5,0,158.04852,9.619224,64.963808,21.248966,397.7426,18.73142,191.20714,10.011024,13.890278,30.147806,219.318,43.881752,0,0,0,0,0,0
2018/05/30 15:27:41.000,n,-0.5,0,157.46884,9.426006,64.775956,21.248966,397.36152,18.924636,190.43964,9.619224,14.083494,29.568146,218.93696,44.074968,0,0,0,0,0,0
2018/05/30 15:27:42.000,n,-0.5,0,157.8553,9.81244,65.15702,21.248966,397.36152,18.73142,191.40574,10.011024,14.083494,29.761366,219.318,43.6939,0,0,0,0,0,0
2018/05/30 15:27:43.005,n,-0.5,0,157.8553,9.619224,64.775956,21.248966,397.36152,18.532836,190.8207,9.81244,13.890278,29.959954,219.318,44.074968,0,0,0,0,0,0
2018/05/30 15:27:44.000,n,-0.5,0,158.6228,10.011024,65.15702,21.630038,397.94116,19.112486,191.59896,10.011024,14.083494,29.959954,219.1248,44.074968,0,0,0,0,0,0
2018/05/30 15:27:45.000,n,-0.5,0,158.24172,10.20424,65.350236,21.436818,397.7426,18.924636,191.40574,9.426006,13.498478,29.761366,218.74372,43.500688,0,0,0,0,0,0
2018/05/30 15:27:46.067,n,-0.5,0,157.8553,10.011024,65.350236,21.055746,397.36152,18.532836,191.01394,10.20424,13.890278,29.374928,218.93696,43.6939,0,0,0,0,0,0
2018/05/30 15:27:47.010,n,-0.5,0,158.24172,10.011024,65.15702,21.630038,397.36152,18.73142,191.59896,10.011024,13.890278,29.959954,219.5166,43.881752,0,0,0,0,0,0
2018/05/30 15:27:48.000,n,-0.5,0,159.5889,9.619224,64.775956,21.436818,397.54936,19.112486,191.20714,10.20424,14.083494,29.959954,219.5166,44.074968,0,0,0,0,0,0
2018/05/30 15:27:49.004,n,-0.5,0,158.43494,10.011024,65.350236,21.436818,397.94116,19.305702,191.40574,10.20424,14.083494,30.147806,219.5166,44.273552,0,0,0,0,0,0
2018/05/30 15:27:50.010,n,-0.5,0,157.6567,9.619224,64.963808,21.248966,397.54936,18.924636,191.01394,10.011024,13.890278,29.568146,219.5166,44.074968,0,0,0,0,0,0
2018/05/30 15:27:51.000,n,-0.5,0,158.04852,9.81244,64.963808,21.436818,397.7426,18.924636,191.20714,10.011024,13.890278,29.761366,219.7098,44.074968,0,0,0,0,0,0
2018/05/30 15:27:52.003,n,-0.5,0,158.04852,9.81244,65.15702,22.021844,397.7426,19.112486,191.01394,10.20424,14.083494,30.147806,219.7098,44.074968,0,0,0,0,0,0
2018/05/30 15:27:53.008,n,-0.5,0,158.04852,10.011024,65.15702,21.630038,397.94116,18.924636,191.01394,10.011024,14.083494,29.761366,219.5166,44.074968,0,0,0,0,0,0
2018/05/30 15:27:54.000,n,-0.5,0,158.04852,10.20424,64.963808,21.055746,397.54936,18.924636,191.01394,9.81244,13.890278,29.761366,219.1248,43.881752,0,0,0,0,0,0
2018/05/30 15:27:55.003,n,-0.5,0,158.43494,10.392088,65.350236,21.828624,397.94116,19.305702,191.7868,10.20424,13.890278,29.959954,219.5166,44.074968,0,0,0,0,0,0
2018/05/30 15:27:56.008,n,-0.5,0,158.04852,10.20424,64.963808,21.248966,397.94116,18.73142,191.59896,10.011024,13.498478,29.761366,218.93696,43.881752,0,0,0,0,0,0
2018/05/30 15:27:57.000,n,-0.5,0,158.24172,10.20424,65.15702,21.248966,397.54936,18.924636,191.20714,10.011024,13.890278,30.147806,218.93696,44.074968,0,0,0,0,0,0
2018/05/30 15:27:58.021,n,-0.5,0,158.24172,10.392088,65.15702,21.436818,397.7426,19.112486,191.59896,9.81244,14.083494,29.761366,219.5166,43.881752,0,0,0,0,0,0
2018/05/30 15:27:59.008,n,-0.5,0,158.04852,10.20424,65.350236,21.630038,397.7426,18.532836,191.20714,10.011024,13.890278,29.761366,219.318,43.6939,0,0,0,0,0,0
2018/05/30 15:28:00.000,n,-0.5,0,158.04852,10.20424,65.350236,21.630038,397.54936,18.73142,191.20714,10.392088,13.890278,30.341024,219.5166,43.881752,0,0,0,0,0,0
2018/05/30 15:28:01.003,n,-0.5,0,157.6567,9.619224,65.350236,21.436818,397.7426,19.112486,191.20714,10.011024,14.083494,29.959954,219.1248,43.881752,0,0,0,0,0,0
2018/05/30 15:28:02.007,n,-0.5,0,158.24172,10.011024,65.15702,21.630038,398.51548,19.112486,191.20714,10.392088,14.083494,29.959954,219.1248,43.881752,0,0,0,0,0,0
2018/05/30 15:28:03.000,n,-0.5,0,158.24172,10.011024,65.54882,21.630038,397.94116,19.112486,191.59896,10.011024,14.276712,29.959954,219.318,44.074968,0,0,0,0,0,0
2018/05/30 15:28:04.001,n,-0.5,0,158.24172,10.392088,65.15702,21.828624,397.7426,19.112486,191.59896,9.81244,14.276712,30.147806,219.318,43.881752,0,0,0,0,0,0
2018/05/30 15:28:05.041,n,-0.5,0,158.43494,10.392088,65.54882,21.828624,398.1344,19.504286,191.20714,10.392088,14.083494,30.147806,219.5166,44.074968,0,0,0,0,0,0
2018/05/30 15:28:06.000,n,-0.5,0,158.43494,10.392088,64.963808,21.436818,397.7426,19.112486,191.40574,10.20424,13.691694,29.959954,219.90304,43.6939,0,0,0,0,0,0
2018/05/30 15:28:07.000,n,-0.5,0,157.6567,10.011024,64.963808,21.436818,397.36152,18.73142,191.01394,10.011024,13.890278,29.959954,219.1248,43.881752,0,0,0,0,0,0
2018/05/30 15:28:08.006,n,-0.5,0,158.24172,9.81244,64.775956,21.248966,397.16832,18.73142,191.20714,10.20424,14.083494,29.761366,219.7098,43.6939,0,0,0,0,0,0
2018/05/30 15:28:09.011,n,-0.5,0,157.6567,9.81244,64.963808,22.021844,397.54936,18.73142,190.8207,10.392088,14.083494,29.959954,218.93696,43.881752,0,0,0,0,0,0
2018/05/30 15:28:10.052,n,-0.5,0,158.04852,10.20424,64.963808,21.436818,397.54936,19.112486,191.40574,10.20424,14.083494,29.761366,219.318,43.881752,0,0,0,0,0,0
2018/05/30 15:28:11.005,n,-0.5,0,157.6567,9.619224,64.775956,21.055746,397.7426,18.532836,191.01394,10.011024,13.691694,29.761366,218.74372,43.881752,0,0,0,0,0,0
2018/05/30 15:28:12.010,n,-0.5,0,158.04852,9.81244,64.963808,21.248966,397.36152,20.470368,191.01394,10.20424,13.890278,29.959954,219.1248,43.6939,0,0,0,0,0,0
2018/05/30 15:28:13.000,n,-0.5,0,158.04852,9.81244,65.15702,21.828624,397.36152,18.924636,191.40574,10.20424,14.276712,29.761366,219.318,44.074968,0,0,0,0,0,0
2018/05/30 15:28:14.005,n,-0.5,0,158.04852,9.81244,64.963808,21.248966,397.54936,18.73142,191.01394,10.011024,14.083494,29.761366,218.74372,43.6939,0,0,0,0,0,0
2018/05/30 15:28:15.009,n,-0.5,0,157.8553,10.20424,64.963808,21.630038,397.36152,18.532836,190.8207,9.81244,14.083494,29.568146,218.74372,43.6939,0,0,0,0,0,0
2018/05/30 15:28:16.000,n,-0.5,0,158.24172,10.011024,64.963808,21.828624,397.54936,18.924636,191.01394,9.81244,13.890278,30.147806,219.1248,44.074968,0,0,0,0,0,0
2018/05/30 15:28:17.003,n,-0.5,0,157.46884,9.81244,64.775956,21.055746,397.36152,18.532836,190.8207,9.619224,13.890278,29.568146,218.55052,43.6939,0,0,0,0,0,0
2018/05/30 15:28:18.009,n,-0.5,0,157.8553,9.619224,64.963808,21.248966,397.54936,18.924636,191.01394,10.011024,14.276712,29.374928,218.74372,43.6939,0,0,0,0,0,0
2018/05/30 15:28:19.000,n,-0.5,0,157.27562,9.426006,64.963808,21.630038,397.36152,18.532836,190.43964,9.619224,13.691694,29.374928,218.3573,43.3021,0,0,0,0,0,0
2018/05/30 15:28:20.003,n,-0.5,0,156.88918,9.034206,64.384156,20.663938,396.97508,18.532836,190.24642,9.23279,13.498478,29.181708,218.3573,43.500688,0,0,0,0,0,0
2018/05/30 15:28:21.009,n,-0.5,0,158.24172,10.20424,64.775956,21.630038,397.7426,19.112486,191.01394,9.81244,13.890278,29.761366,219.1248,43.6939,0,0,0,0,0,0
2018/05/30 15:28:22.000,n,-0.5,0,158.43494,10.011024,64.963808,21.828624,397.54936,18.73142,191.20714,10.011024,13.691694,30.147806,219.1248,43.6939,0,0,0,0,0,0
2018/05/30 15:28:23.003,n,-0.5,0,157.46884,9.426006,64.963808,21.055746,396.97508,18.73142,191.01394,9.81244,14.083494,28.98312,218.74372,43.108888,0,0,0,0,0,0
2018/05/30 15:28:24.007,n,-0.5,0,157.27562,10.011024,64.775956,21.248966,397.36152,18.924636,191.01394,9.81244,13.890278,29.761366,218.74372,43.881752,0,0,0,0,0,0
2018/05/30 15:28:25.000,n,-0.5,0,157.8553,10.20424,64.963808,21.436818,397.36152,18.924636,191.20714,10.011024,13.890278,29.761366,218.93696,43.881752,0,0,0,0,0,0
2018/05/30 15:28:26.002,n,-0.5,0,157.46884,9.81244,64.963808,20.857158,397.36152,18.532836,190.8207,9.619224,13.310628,29.181708,218.74372,43.500688,0,0,0,0,0,0
2018/05/30 15:28:27.007,n,-0.5,0,157.8553,10.20424,64.775956,22.021844,397.54936,18.73142,191.20714,9.81244,13.890278,29.374928,218.74372,44.074968,0,0,0,0,0,0
2018/05/30 15:28:28.000,n,-0.5,0,157.6567,9.619224,64.963808,21.248966,397.54936,18.532836,191.20714,9.81244,13.691694,29.568146,218.55052,43.3021,0,0,0,0,0,0
2018/05/30 15:28:29.001,n,-0.5,0,157.27562,9.23279,64.384156,20.857158,396.97508,18.532836,190.63286,9.81244,13.498478,29.374928,218.16944,43.6939,0,0,0,0,0,0
2018/05/30 15:28:30.006,n,-0.5,0,157.27562,9.23279,64.58274,20.857158,396.78188,18.532836,190.63286,10.011024,13.691694,29.568146,218.16944,43.500688,0,0,0,0,0,0
2018/05/30 15:28:31.011,n,-0.5,0,157.0824,9.619224,64.775956,20.663938,396.97508,18.33962,190.63286,9.426006,13.498478,29.374928,218.55052,43.6939,0,0,0,0,0,0
2018/05/30 15:28:32.001,n,-0.5,0,157.8553,9.619224,64.963808,21.630038,396.97508,18.73142,191.20714,10.011024,13.691694,29.761366,218.93696,43.6939,0,0,0,0,0,0
2018/05/30 15:28:33.005,n,-0.5,0,157.27562,9.619224,64.384156,21.248966,397.16832,18.146404,190.63286,9.619224,13.890278,29.568146,218.3573,43.881752,0,0,0,0,0,0
2018/05/30 15:28:34.015,n,-0.5,0,157.8553,10.011024,64.775956,21.630038,397.16832,18.73142,191.40574,10.011024,14.276712,29.959954,218.74372,43.6939,0,0,0,0,0,0
2018/05/30 15:28:35.000,n,-0.5,0,157.6567,10.011024,65.15702,21.436818,397.7426,18.532836,191.01394,10.011024,13.890278,29.761366,218.93696,43.500688,0,0,0,0,0,0
2018/05/30 15:28:36.005,n,-0.5,0,158.43494,10.20424,65.15702,21.055746,397.16832,18.73142,191.01394,9.81244,13.890278,29.761366,218.74372,43.6939,0,0,0,0,0,0
2018/05/30 15:28:37.010,n,-0.5,0,157.46884,9.619224,64.775956,20.857158,397.16832,18.924636,190.8207,9.426006,13.498478,29.568146,217.97624,43.6939,0,0,0,0,0,0
2018/05/30 15:28:38.000,n,-0.5,0,157.6567,9.81244,64.775956,21.630038,397.54936,18.73142,191.20714,9.619224,13.691694,29.761366,218.93696,43.881752,0,0,0,0,0,0
2018/05/30 15:28:39.004,n,-0.5,0,157.6567,9.81244,64.963808,21.248966,397.16832,18.532836,191.01394,10.011024,13.691694,29.761366,218.93696,43.6939,0,0,0,0,0,0
2018/05/30 15:28:40.010,n,-0.5,0,157.8553,9.81244,64.963808,21.828624,397.16832,18.532836,191.20714,9.619224,13.691694,29.568146,218.55052,43.500688,0,0,0,0,0,0
2018/05/30 15:28:41.000,n,-0.5,0,157.6567,9.81244,64.775956,21.248966,397.36152,18.73142,191.01394,9.619224,13.890278,29.374928,218.55052,44.074968,0,0,0,0,0,0
2018/05/30 15:28:42.004,n,-0.5,0,157.6567,9.619224,64.775956,21.055746,396.78188,18.33962,190.8207,9.619224,13.498478,29.374928,218.55052,43.500688,0,0,0,0,0,0
2018/05/30 15:28:43.010,n,-0.5,0,158.04852,9.81244,64.963808,21.436818,397.36152,18.73142,191.01394,10.011024,13.691694,29.761366,218.3573,43.881752,0,0,0,0,0,0
2018/05/30 15:28:44.000,n,-0.5,0,157.46884,9.619224,64.963808,21.055746,397.16832,18.73142,191.01394,9.619224,13.691694,29.761366,218.16944,43.500688,0,0,0,0,0,0
2018/05/30 15:28:45.004,n,-0.5,0,157.8553,9.23279,64.58274,20.857158,397.16832,18.73142,191.01394,9.81244,13.498478,29.374928,218.55052,43.500688,0,0,0,0,0,0
2018/05/30 15:28:46.009,n,-0.5,0,157.27562,9.426006,64.384156,21.248966,396.97508,18.33962,190.43964,9.426006,13.691694,29.568146,218.3573,43.500688,0,0,0,0,0,0
2018/05/30 15:28:47.000,n,-0.5,0,157.6567,9.426006,64.58274,20.663938,396.97508,18.532836,190.43964,9.426006,13.691694,29.181708,218.16944,43.881752,0,0,0,0,0,0
2018/05/30 15:28:48.083,n,-0.5,0,157.8553,10.20424,64.963808,21.436818,397.16832,19.112486,191.40574,10.011024,14.083494,29.761366,218.55052,43.881752,0,0,0,0,0,0
2018/05/30 15:28:49.203,n,-0.5,0,157.8553,9.619224,65.742036,21.248966,397.16832,18.73142,191.01394,10.011024,14.083494,29.568146,218.3573,43.881752,0,0,0,0,0,0
2018/05/30 15:28:50.000,n,-0.5,0,157.46884,9.619224,64.58274,21.248966,397.36152,18.924636,190.8207,9.81244,13.691694,29.374928,218.74372,44.074968,0,0,0,0,0,0
2018/05/30 15:28:51.003,n,-0.5,0,158.04852,9.619224,64.775956,21.436818,397.36152,18.73142,191.20714,9.81244,13.890278,29.761366,218.93696,43.500688,0,0,0,0,0,0
2018/05/30 15:28:52.007,n,-0.5,0,157.46884,9.619224,64.775956,21.055746,396.97508,18.73142,190.63286,9.619224,14.276712,29.181708,218.3573,43.6939,0,0,0,0,0,0
2018/05/30 15:28:53.013,n,-0.5,0,156.88918,9.034206,64.19094,20.857158,396.97508,18.33962,190.43964,9.619224,13.310628,29.181708,218.3573,43.500688,0,0,0,0,0,0
2018/05/30 15:28:54.001,n,-0.5,0,157.27562,9.034206,64.58274,20.857158,397.36152,18.33962,190.63286,9.619224,13.310628,29.181708,218.16944,43.500688,0,0,0,0,0,0
2018/05/30 15:28:55.007,n,-0.5,0,157.8553,9.81244,64.775956,21.436818,397.36152,18.532836,190.8207,9.619224,13.890278,29.568146,218.74372,43.500688,0,0,0,0,0,0
2018/05/30 15:28:56.012,n,-0.5,0,158.04852,10.20424,64.963808,21.630038,397.36152,18.924636,191.01394,9.81244,13.890278,29.181708,219.1248,43.881752,0,0,0,0,0,0
2018/05/30 15:28:57.168,n,-0.5,0,157.6567,10.011024,64.963808,21.248966,397.94116,18.73142,191.01394,10.783888,14.083494,29.761366,218.74372,43.6939,0,0,0,0,0,0
2018/05/30 15:28:58.218,n,-0.5,0,158.43494,10.392088,65.350236,22.021844,397.54936,18.924636,191.59896,9.81244,14.083494,29.959954,219.318,44.273552,0,0,0,0,0,0
2018/05/30 15:28:59.334,n,-0.5,0,158.6228,10.585306,65.742036,21.828624,398.3276,19.504286,191.7868,10.977104,14.85636,29.959954,219.1248,44.273552,0,0,0,0,0,0
2018/05/30 15:29:00.320,n,-0.5,0,158.6228,10.20424,65.15702,21.828624,397.7426,19.305702,191.59896,10.585306,14.66851,30.147806,218.93696,44.074968,0,0,0,0,0,0
2018/05/30 15:29:01.006,n,-0.5,0,158.24172,10.20424,65.54882,21.828624,398.1344,18.924636,191.40574,10.20424,14.469928,29.959954,219.1248,43.881752,0,0,0,0,0,0
2018/05/30 15:29:02.495,n,-0.5,0,158.43494,10.392088,65.54882,21.828624,397.94116,19.305702,191.59896,10.585306,14.083494,30.147806,219.1248,44.074968,0,0,0,0,0,0
2018/05/30 15:29:03.079,n,-0.5,0,158.6228,10.783888,65.742036,21.828624,397.7426,19.305702,191.40574,10.20424,14.66851,29.959954,218.74372,44.074968,0,0,0,0,0,0
2018/05/30 15:29:04.241,n,-0.5,0,158.04852,10.011024,65.350236,21.436818,397.7426,19.305702,191.59896,10.20424,14.469928,30.534244,218.74372,44.273552,0,0,0,0,0,0
2018/05/30 15:29:05.043,n,-0.5,0,158.04852,10.392088,65.350236,21.630038,398.1344,19.305702,191.20714,10.585306,14.469928,30.341024,219.1248,44.074968,0,0,0,0,0,0
2018/05/30 15:29:06.000,n,-0.5,0,157.8553,10.011024,65.15702,21.436818,397.7426,19.112486,191.20714,9.81244,14.276712,29.761366,218.74372,43.881752,0,0,0,0,0,0
2018/05/30 15:29:07.004,n,-0.5,0,157.8553,10.011024,64.963808,21.828624,397.54936,18.924636,191.40574,10.011024,14.276712,29.959954,218.55052,43.881752,0,0,0,0,0,0
2018/05/30 15:29:08.009,n,-0.5,0,158.24172,10.20424,64.963808,22.021844,397.36152,18.924636,191.20714,10.20424,14.083494,29.761366,219.318,43.881752,0,0,0,0,0,0
2018/05/30 15:29:09.000,n,-0.5,0,157.46884,9.619224,64.963808,21.630038,397.54936,18.924636,191.40574,10.011024,14.083494,30.147806,218.93696,44.074968,0,0,0,0,0,0
2018/05/30 15:29:10.003,n,-0.5,0,158.04852,10.392088,65.15702,21.630038,397.54936,19.112486,191.40574,10.392088,14.276712,30.147806,218.93696,44.074968,0,0,0,0,0,0
2018/05/30 15:29:11.009,n,-0.5,0,158.24172,10.585306,65.742036,21.828624,397.94116,19.504286,191.40574,10.392088,14.083494,29.959954,219.318,43.881752,0,0,0,0,0,0
2018/05/30 15:29:12.000,n,-0.5,0,158.04852,10.011024,65.350236,21.630038,397.7426,19.305702,191.20714,9.619224,14.083494,29.761366,218.55052,43.500688,0,0,0,0,0,0
2018/05/30 15:29:13.003,n,-0.5,0,158.24172,10.011024,65.54882,21.630038,397.54936,18.924636,191.20714,10.20424,14.469928,29.959954,219.1248,44.074968,0,0,0,0,0,0
2018/05/30 15:29:14.008,n,-0.5,0,157.6567,10.20424,64.963808,21.828624,397.7426,19.112486,191.40574,10.585306,14.276712,30.147806,218.93696,44.273552,0,0,0,0,0,0
2018/05/30 15:29:15.013,n,-0.5,0,158.24172,10.20424,65.54882,21.436818,397.36152,18.924636,191.20714,10.011024,13.890278,29.761366,218.93696,43.881752,0,0,0,0,0,0
2018/05/30 15:29:16.002,n,-0.5,0,157.8553,10.392088,64.963808,21.630038,397.7426,18.924636,191.01394,10.011024,14.083494,29.761366,219.1248,44.074968,0,0,0,0,0,0
2018/05/30 15:29:17.007,n,-0.5,0,157.8553,10.011024,65.350236,21.828624,397.54936,19.112486,191.20714,10.392088,13.890278,30.147806,218.74372,43.881752,0,0,0,0,0,0
2018/05/30 15:29:18.013,n,-0.5,0,158.04852,9.81244,65.15702,21.630038,397.36152,18.924636,191.01394,10.20424,14.083494,29.959954,218.74372,43.881752,0,0,0,0,0,0
2018/05/30 15:29:19.002,n,-0.5,0,157.6567,9.619224,64.775956,21.248966,397.54936,18.532836,191.01394,9.81244,14.276712,29.761366,218.55052,43.881752,0,0,0,0,0,0
2018/05/30 15:29:20.006,n,-0.5,0,158.6228,10.392088,65.54882,22.021844,397.7426,18.924636,191.7868,10.392088,14.276712,30.341024,219.318,44.074968,0,0,0,0,0,0
2018/05/30 15:29:21.180,n,-0.5,0,158.24172,10.20424,65.54882,21.630038,397.54936,19.112486,191.01394,10.392088,14.469928,30.534244,219.1248,44.273552,0,0,0,0,0,0
2018/05/30 15:29:22.047,n,-0.5,0,158.24172,10.783888,65.350236,22.021844,397.7426,19.504286,191.59896,10.585306,14.469928,30.147806,219.318,44.273552,0,0,0,0,0,0
2018/05/30 15:29:23.006,n,-0.5,0,158.6228,10.585306,65.742036,21.828624,398.51548,19.305702,191.59896,10.585306,14.276712,30.341024,219.318,44.273552,0,0,0,0,0,0
2018/05/30 15:29:24.115,n,-0.5,0,158.6228,10.585306,65.742036,22.215064,398.1344,19.697502,191.98002,10.392088,15.049576,30.727464,219.318,44.466768,0,0,0,0,0,0
2018/05/30 15:29:25.000,n,-0.5,0,158.43494,10.20424,65.54882,22.215064,397.94116,19.305702,191.7868,10.783888,14.469928,30.534244,219.7098,44.273552,0,0,0,0,0,0
2018/05/30 15:29:26.005,n,-0.5,0,158.04852,10.20424,65.15702,21.828624,397.7426,19.305702,191.40574,10.20424,14.276712,30.147806,219.318,44.273552,0,0,0,0,0,0
2018/05/30 15:29:27.010,n,-0.5,0,157.8553,9.81244,64.963808,21.828624,397.94116,18.924636,191.40574,10.20424,13.890278,30.341024,218.93696,44.074968,0,0,0,0,0,0
2018/05/30 15:29:28.000,n,-0.5,0,158.43494,10.392088,65.929884,22.021844,398.1344,19.504286,191.7868,10.392088,14.276712,30.147806,219.318,43.881752,0,0,0,0,0,0
2018/05/30 15:29:29.006,n,-0.5,0,158.04852,10.585306,65.350236,21.828624,397.94116,19.305702,191.7868,10.20424,14.083494,30.147806,218.93696,43.881752,0,0,0,0,0,0
2018/05/30 15:29:30.010,n,-0.5,0,157.8553,10.20424,64.775956,21.630038,397.7426,19.112486,191.01394,9.81244,13.890278,30.341024,219.1248,43.6939,0,0,0,0,0,0
2018/05/30 15:29:31.000,n,-0.5,0,157.8553,10.20424,65.350236,21.248966,397.54936,19.112486,191.40574,10.20424,14.276712,30.147806,218.93696,44.273552,0,0,0,0,0,0
2018/05/30 15:29:32.005,n,-0.5,0,158.24172,9.81244,65.350236,21.055746,397.7426,19.112486,191.59896,10.585306,14.469928,30.534244,218.93696,44.466768,0,0,0,0,0,0
2018/05/30 15:29:33.010,n,-0.5,0,158.04852,10.011024,64.775956,21.630038,397.54936,18.924636,191.01394,10.20424,13.691694,29.568146,219.1248,43.881752,0,0,0,0,0,0
2018/05/30 15:29:34.000,n,-0.5,0,157.46884,9.619224,64.963808,21.055746,397.54936,18.924636,191.01394,10.20424,14.083494,29.761366,218.93696,44.074968,0,0,0,0,0,0
2018/05/30 15:29:35.003,n,-0.5,0,157.6567,9.619224,64.963808,21.055746,397.54936,19.112486,191.20714,10.011024,13.890278,29.761366,218.93696,43.6939,0,0,0,0,0,0
2018/05/30 15:29:36.008,n,-0.5,0,158.43494,10.585306,65.350236,21.828624,397.7426,18.73142,191.40574,10.20424,13.691694,30.341024,219.318,44.273552,0,0,0,0,0,0
2018/05/30 15:29:37.000,n,-0.5,0,158.04852,10.392088,65.54882,21.630038,397.94116,19.112486,191.20714,10.392088,14.083494,30.341024,219.5166,44.466768,0,0,0,0,0,0
2018/05/30 15:29:38.002,n,-0.5,0,157.8553,10.011024,65.15702,21.630038,397.54936,18.73142,191.01394,9.81244,13.890278,29.959954,218.93696,44.273552,0,0,0,0,0,0
2018/05/30 15:29:39.008,n,-0.5,0,157.8553,9.81244,65.15702,21.630038,397.7426,19.112486,191.20714,10.011024,14.083494,29.959954,218.74372,43.500688,0,0,0,0,0,0
2018/05/30 15:29:40.185,n,-0.5,0,157.8553,10.392088,65.54882,22.021844,397.94116,19.305702,191.40574,10.20424,14.66851,30.534244,219.5166,44.273552,0,0,0,0,0,0
2018/05/30 15:29:41.002,n,-0.5,0,158.24172,10.011024,64.963808,21.828624,397.7426,19.112486,191.7868,9.81244,14.083494,29.959954,219.318,44.074968,0,0,0,0,0,0
2018/05/30 15:29:42.007,n,-0.5,0,158.43494,10.392088,65.54882,21.828624,397.94116,19.112486,191.59896,10.392088,14.276712,30.147806,219.5166,44.074968,0,0,0,0,0,0
2018/05/30 15:29:43.000,n,-0.5,0,157.8553,10.011024,64.775956,21.436818,397.54936,18.924636,191.01394,10.011024,13.691694,29.568146,218.93696,44.466768,0,0,0,0,0,0
2018/05/30 15:29:44.001,n,-0.5,0,158.43494,10.392088,65.350236,22.021844,397.7426,19.112486,191.59896,10.011024,14.083494,30.341024,219.318,44.273552,0,0,0,0,0,0
2018/05/30 15:29:45.006,n,-0.5,0,158.24172,10.392088,65.54882,21.828624,397.94116,18.924636,191.40574,10.392088,14.083494,29.568146,219.5166,43.881752,0,0,0,0,0,0
2018/05/30 15:29:46.012,n,-0.5,0,158.24172,10.20424,65.350236,21.828624,398.1344,19.112486,191.59896,10.392088,14.276712,30.147806,219.1248,43.6939,0,0,0,0,0,0
2018/05/30 15:29:47.085,n,-0.5,0,158.6228,10.20424,65.15702,21.630038,397.7426,19.112486,191.40574,10.20424,14.276712,30.147806,219.1248,44.273552,0,0,0,0,0,0
2018/05/30 15:29:48.006,n,-0.5,0,157.6567,9.619224,64.58274,21.248966,397.54936,18.924636,190.8207,9.81244,13.498478,29.761366,218.74372,44.074968,0,0,0,0,0,0
2018/05/30 15:29:49.011,n,-0.5,0,158.04852,10.20424,65.54882,21.828624,397.7426,19.112486,191.40574,10.20424,14.083494,29.761366,219.318,43.881752,0,0,0,0,0,0
2018/05/30 15:29:50.000,n,-0.5,0,157.8553,9.619224,64.963808,21.055746,397.54936,19.112486,191.20714,10.392088,14.276712,29.959954,218.74372,43.881752,0,0,0,0,0,0
2018/05/30 15:29:51.005,n,-0.5,0,157.6567,9.619224,65.15702,21.436818,397.7426,18.924636,191.40574,10.011024,14.083494,29.959954,219.1248,44.074968,0,0,0,0,0,0
2018/05/30 15:29:52.011,n,-0.5,0,158.04852,9.81244,64.963808,21.248966,397.36152,18.73142,191.7868,10.011024,13.890278,29.959954,219.5166,43.500688,0,0,0,0,0,0
2018/05/30 15:29:53.000,n,-0.5,0,158.04852,9.619224,64.963808,21.248966,397.7426,19.112486,191.40574,10.011024,14.083494,30.534244,219.5166,43.881752,0,0,0,0,0,0
2018/05/30 15:29:54.005,n,-0.5,0,157.8553,10.011024,64.775956,21.248966,397.7426,18.73142,190.8207,9.81244,13.691694,29.761366,218.93696,43.6939,0,0,0,0,0,0
2018/05/30 15:29:55.010,n,-0.5,0,158.04852,9.81244,65.350236,21.630038,397.94116,19.112486,191.40574,10.20424,14.083494,30.341024,219.1248,43.881752,0,0,0,0,0,0
2018/05/30 15:29:56.058,n,-0.5,0,158.24172,10.392088,65.350236,22.021844,398.1344,19.305702,191.40574,10.392088,14.469928,29.959954,219.1248,44.466768,0,0,0,0,0,0
2018/05/30 15:29:57.004,n,-0.5,0,158.6228,9.81244,65.15702,22.021844,397.7426,19.112486,191.7868,10.20424,13.890278,29.959954,218.93696,44.074968,0,0,0,0,0,0
2018/05/30 15:29:58.189,n,-0.5,0,158.24172,10.20424,65.54882,21.828624,397.94116,18.924636,191.40574,10.20424,14.083494,29.959954,219.318,44.074968,0,0,0,0,0,0
2018/05/30 15:29:59.000,n,-0.5,0,158.24172,10.392088,65.350236,21.436818,398.1344,19.305702,191.40574,10.20424,14.083494,30.147806,219.7098,44.074968,0,0,0,0,0,0
2018/05/30 15:30:00.004,n,-0.5,0,158.04852,9.81244,64.963808,21.055746,397.54936,18.33962,191.01394,10.011024,14.276712,29.761366,218.93696,43.6939,0,0,0,0,0,0
2018/05/30 15:30:01.009,n,-0.5,0,157.6567,9.619224,65.350236,21.055746,397.54936,18.924636,191.01394,10.011024,13.890278,29.959954,219.318,43.881752,0,0,0,0,0,0
2018/05/30 15:30:02.015,n,-0.5,0,157.8553,9.81244,64.58274,21.248966,397.36152,18.73142,191.20714,10.011024,14.083494,30.147806,218.93696,43.6939,0,0,0,0,0,0
